title,issueNumber,publisher,publicationDate,writer,artist,description,coverUrl,condition,marketValue,status,purchasePrice,salePrice,saleDate,salePlatform,id,tags
Imperio Secreto,1,OVNI PRESS,2018-02-01,SPENCER,Spencer,"Corresponde a Secret Empire #0-10 USA, Free Comic Book Day 2017 y Secret Empire: Omega

El Capitán América ha estado viviendo una mentira. El héroe más grande y respetado del mundo es, en verdad… ¡un soldado y fel creyente de la causa de Hydra! ¿Lograrán detenerlo los héroes que alguna vez pelaron a su lado? ¡Hail Hydra!


TAPA BLANDA - 440 pag",https://http2.mlstatic.com/D_NQ_NP_2X_616544-MLA88904711779_072025-F.webp,9,75000,available,,,,,1753994910771,
X-MEN Dinastia de X/ Potencias de X 1/4,1,Panini Comics Argentina,2021-01-01,Hickman,Silva/Larraz,"Mientras dormían, el mundo cambió Con esa frase, el Profesor X presentó a la gente de la tierra la nueva nación mutante de Krakoa. Es un refurgio para todos los homo superior, con sus propias reglas y su propio lenguaje. A cambio de reconocimiento internacional, él le ofrecerá a la humanidad grandes avances científicos, nacidos de la particular flora de Krakoa. Pero el tiempo de la coexistencia se acabó. el viejo sueño está muerto… ahora es momento de uno nuevo y el impacto de las acciones de Xavier se sentirán dentro de cientos, incluso miles de años.",https://phoenixreborn.com.ar/wp-content/uploads/2025/07/IXMEN001.webp,9,10000,available,,,,,1753995505429,
X-MEN Dinastia de X/ Potencias de X 2/4,2,Panini Comics Argentina,2021-01-01,Hickman,Larraz/ Silva,"¡La próxima gran evolución de los X-Men! Descubre la verdad sobre uno de los más cercanos aliados de los mutantes. A medida que el profesor Xavier siembra las semillas del pasado, ¡el futuro de los X-Men se convierte en un problema para todos los mutantes! La batalla comienza... ¡El visionario escritor Jonathan Hickman (Cuatro Fantásticos, Avengers, Secret Wars) transforma el pasado, presente y futuro de los mutantes!

",https://http2.mlstatic.com/D_NQ_NP_2X_625804-MLA53435734399_012023-F.webp,9,10000,available,,,,,1753995697413,
X-MEN Dinastia de X/ Potencias de X 3/4,3,Panini Comis Argentina,2021-01-01,Hickman,Larraz / Silva,"¡La próxima gran evolución de los X-Men! El escuadrón de Cíclope se dirige al espacio en defensa del sueño de Xavier, donde el fuego y la perdición esperan a algunos de los mejores X-Men. Además: Mr Siniestro y más sobre la historia de la isla de Krakoa.

ONATHAN HICKMAN, PEPE LARRAZ
X-MEN 03 DINASTIA DE X POTENCIAS DE X (3 DE 4)
PANINI MARVEL ARGENTINA

Páginas: 136
Formato: 17x26
Peso: 0.25 kgs.
ISBN: 978-607568326-3",https://http2.mlstatic.com/D_NQ_NP_2X_861718-MLA50180973472_062022-F.webp,10,10000,available,,,,,1753995880188,
X-MEN Dinastia de X/ Potencias de X 4/4,4,Panini Comics Argentina,2021-01-01,Hickman,Larraz / Silva,"¡La próxima gran evolución de los X-Men! Es el final de la aclamada redefinción de los X-Men. Este cuarto capítulo sobre Charles, Magneto, Moira, Logan y compañía consolida el nuevo statu quo de los X-Men en Krakoa y anuncia la próxima era, pero también muestra la verdad sobre el sueño de Xavier y el futuro de los mutantes. ¡El visionario escritor Jonathan Hickman (Cuatro Fantásticos, Avengers, Secret Wars) transforma el universo mutante para siempre!

Peso: 600.00 gr.

Dimensiones: 17.00 x 1.00 x 24.00 cm

Autor: Jonathan Hickman, Larraz

Formato: RUSTICA

Marca: Panini Argentina

Páginas 112",https://entelequia.com.ar/storage/product_arch/2021/06/potencias.webp,9,10000,available,,,,,1753996076974,
ETERNOS Del Genesis al Apocalipsis,One shot,Panini Comics,,Gaiman,John Romita Jr.,"¿Qué ha pasado con los Eternos? Hace casi medio siglo, la leyenda de los cómics Jack ""El Rey"" Kirny regresó a la Casa de las Ideas con su idea más grande: ¡el universo de los Eternos! Su creación fue el resultado de la incesante curiosidad de Kirny por el origen del hombre y sus mitologías, pero como muchos de los conceptos del Rey, definitivamente se adelantó a su tiempo. Saltamos a 2006: los creadores superestrellas Neil Gaiman y John Romita Jr. asumieron a estos conceptos con valentía y con una mano amorosa. En el proceso, contaron una historia fresca y divertida, llena de misterio, suspenso y poder majestuoso, mientras se concentraban en establecer las creaciones de Kirny como una parte vital del Universo Marvel de una vez por todas.

AUTOR: Neil Gaiman - John Romita Jr.
Editorial: PANINI COMICS
ISBN: 978-607-568-650-9
Páginas: 224
Formato: 17,5x26,5 (tapa dura)
Idioma: Español",https://http2.mlstatic.com/D_NQ_NP_760893-MLA53057037997_122022-O.webp,10,20000,available,,,,,1753997070262,
Excelsior Avengers Infinito,One shot,OVNI PRESS,,HICKMAN JONATHAN,Opeña,"Los Constructores se mueven entre mundos, dando y quitando vida. Los Avengers saben que la Tierra está en su camino y van al espacio a interceptarlos. Pero su ausencia es la oportunidad ideal para que Thanos invada nuestro hogar. ¿O hay algo más escondido entre los Inhumanos?

Con índice: No
Tapa del libro: Blanda
Género: Literatura y ficción.
Edad mínima recomendada: 12 años.
Número de páginas: 416.
Peso: 700g.
ISBN: 9789877241884.
Dimensiones: 18cm de ancho x 28cm de alto.",https://http2.mlstatic.com/D_NQ_NP_834649-MLU79254481903_092024-O.webp,9,20000,available,,,,,1753997394589,
Libro Inhumanos Vs. X-men / Ovni Press,One shot,OVNI PRESS,2017-01-01,Charles Soule,Kenneth Rockafort," El enfrentamiento definitivo que colocará a los X-Men y a los Inhumanos en una encrucijada violenta, sangrienta y trágica

Editorial: OVNI PRESS
Idioma: Español
Encuadernación / Colección: SIN COLECCION
ISBN: 9789877243055",https://http2.mlstatic.com/D_NQ_NP_2X_614322-MLA47750621577_102021-F.webp,9,20000,available,,,,,1753997823907,
Civil War II,One shot,Marvel,2017-05-12,Bendis,Marquez,"Sobre esta edición
Contiene: Civil War II #0 al 8 (Julio de 2016 a Febrero de 2017), Civil War II 'The Accused' (Octubre de 2016), Civil War II 'The Fallen' (Octubre de 2016), Civil War II 'The Oath' (Marzo de 2017), de la edición USA.

Argumento
Un nuevo inhumano emerge, con la habilidad de predecir el futuro, y esto pone en alerta a toda la comunidad superheroica del Universo Marvel. Se definen los bandos, caen héroes, los aliados se transforman en el enemigo y las repercusiones de la batalla se replicarán en todo el Universo Marvel para siempre.",https://http2.mlstatic.com/D_NQ_NP_2X_828275-MLA49953415503_052022-F.webp,9,30000,available,,,,,1753998360281,
CIVIL WAR 01 (COLECCION IMPRESCINDIBLES),1,OVNI PRESS,2022-01-01,Millar,McNiven,"VERSION CON ESTUCHE

Contiene: Civil War #1 al 7.- 192 pags.-

El panorama del Universo Marvel está cambiando, y es hora de elegir: ¿De qué lado estás? Un conflicto se ha estado gestando durante más de un año, amenazando con enfrentar amigo contra amigo, hermano contra hermano… ¡y todo lo que tomará será un único traspié para costarle su vida a miles y encender la mecha! Mientras la guerra reclama sus primeras víctimas, nadie está a salvo a la vez que equipos, amigos y familias comienzan a desmoronarse. El crossover que reescribió todas las reglas, Civil War, cuenta con la participación de Spider-Man, los Nuevos Avengers, los Cuatro Fantásticos, los X-Men, ¡y el panteón completo de Marvel!",https://http2.mlstatic.com/D_NQ_NP_2X_794435-MLA83261498809_032025-F.webp,9,15000,available,,,,,1753999485170,
Comics Dinastia M Coleccion Imprescindibles #4 Ovni Press,4,OVNI PRESS,2016-01-01,Brian Michael Bendis,Olivier coipel,"Colección Imprescindibles MARVEL 04 – Dinastía M
Formato: Libro, 17 x 24 cm.
Páginas: 208 (Color).
¡El acontecimiento que cambió el mundo de los mutantes para siempre! Los Avengers y los X-Men se ven enfrentados a un enemigo común… ¡Wanda Maximoff! Scarlet Witch está fuera de control y se ha convertido en la mayor amenaza del mundo. El mismísimo destino del planeta está en sus manos.
¿Ayudará Magneto a su hija o usará sus poderes para su propio beneficio? Scarlet Witch podría transformar a la Tierra en el paraíso mutante… ¡o condenar a todos los seres vivos!
¿Has visto que a veces se dice la frase “NADA VOLVERÁ A SER LO MISMO”? Bueno, ¡esta vez créelo! Porque después de Dinastía M… ¡NADA VOLVERÁ A SER LO MISMO! Incluye House of M #1-8.",https://http2.mlstatic.com/D_NQ_NP_2X_643102-MLA28683408242_112018-F.webp,9,30000,available,,,,,1754002053237,
Héroes en Crisis,1,OVNI PRESS,,Tom King,Clay Mann,"Bienvenidos al Santuario, un hospital secreto para superhéroes que han sido traumatizados por la lucha contra el crimen y el combate cósmico. Pero algo sale inexplicablemente mal cuando muchos pacientes terminan muertos, con dos conocidos personajes como los principales sospechosos: ¡Harley Quinn y Booster Gold!

Corresponde a Heroes in Crisis #1-9 USA.

Formato: Libro | 17x24 cm | 224 págs.
Peso: 700 gr.
ISBN: 978-987-724-649-0",https://acdn-us.mitiendanube.com/stores/001/184/069/products/heroes_en_crisis_cov_arg1-00ebd9cbc28987035f16046669498029-1024-1024.webp,9,15000,available,,,,,1754053612726,"Superman,Batman,DC"
BATMAN Vol.07: La Boda,7,OVNI PRESS,,King,Tony Daniel,"Autores: King • Janín • Daniel

 

¡EL batrimonio finalmente ha llegado! Durante años, el Murciélago y la Gata han luchado con uñas y dientes, solo para revertir el curso y luchar lado a lado. Ahora, por fin, sus verdaderos sentimientos mutuos están a la vista... y Batman y Catwoman están a punto de sellar su unión con la boda del siglo. Pero el Joker intentará convertirse en el padrino del Caballero Oscuro, y a donde sea que vaya el Príncipe Payaso del Crimen, el caos seguramente lo seguirá.

 

Corresponde a DC Nation #0 (“The Joker: Your Big Day”), Robin vs. Ra’s Al Ghul #1, Nightwing vs. Hush #1, Batgirl vs. The Riddler #1, Red Hood vs. Anarky #1, Harley Quinn vs. The Joker #1, Batman #45-50.

 

Formato: Libro | 17x24 cm

ISBN: 978-987-724-618-6",https://acdn-us.mitiendanube.com/stores/001/184/069/products/batman_la_boda_cov1-4acd6ce5f7c651e4c115933744435615-1024-1024.webp,9,20000,available,,,,,1754054137005,"Batman,DC"
Libro: El Hombre De Arena 1: Preludios Y Nocturnos,1,OVNI PRESS,,Gaiman,,"Una de las novelas gráficas más populares y aclamadas por la crítica de todos los tiempos, la galardonada obra maestra de Neil Gaiman, The Sandman, estableció el estándar para la fantasía lírica y madura en la era del cómic moderno. Ilustrada por una selección ejemplar de los artistas más talentosos del medio, la serie es una rica mezcla de mitología antigua y moderna en la que la ficción contemporánea, el drama histórico y la leyenda se entrelazan a la perfección.

El hombre de arena vol. 1: Preludios y Nocturnos Edición 30 Aniversario recopila los números 1 a 8 de la edición original de The Sandman, comenzando una saga épica única en la literatura gráfica y presentando a los lectores un mundo oscuro y encantador de sueños y pesadillas: el hogar de Morfeo, el Rey de los Sueños y sus parientes, los Sin Fin.



Color: Negro.

Marca: DC Comics
Dimensiones: 0.26 x 0.17 x 0.01mts.
Peso del Producto: 0.42 Kilogramos.
Peso de Envio: 0.42 Kilogramos.
Modelo: Ref:",https://http2.mlstatic.com/D_NQ_NP_2X_710095-CBT76047872523_042024-F.webp,9,20000,available,,,,,1754054403804,"Sandman,DC"
Wolverine - El Viejo Logan - Marvel Excelsior - Ovni Press,1,OVNI PRESS,,Millar,McNiven,"Nadie sabe qué ocurrió la noche en que los héroes cayeron; solo que todos desaparecieron y el mal triunfó. En el último medio siglo nadie ha visto al hombre conocido como Logan. Pero algo le hará salir de las sombras…

Corresponde a Wolverine (2003) #66-72 y Wolverine: Old Man Logan Giant-Size #1 USA.
Formato: Libro tapa blanda | 17x24 cm | 216 págs.",https://http2.mlstatic.com/D_NQ_NP_2X_823795-MLA43017425714_082020-F.webp,9,8000,available,,,,,1754055025202,Wolverine
Selecciones Marvel Thor Dios del Trueno 1 al 4 - Completa,4/4,OVNI PRESS,,Aaron,Ribic,"A través de las eras, los dioses se han estado desvaneciendo, dejando a sus fieles mortales inmersos en el caos. La única esperanza para estos mundos devastados es que un Thor del pasado, uno del presente y uno del distante enfrenten al Carnicero de Dioses y su aterrador complot celestial.",https://acdn-us.mitiendanube.com/stores/001/385/701/products/f14d0d559edc4ec1b654d2efa3190c42-c822ad685c39e6b4df17388793611509-480-0.webp,9,40000,available,,,,,1754055749928,THOR
THOR VOL.06: PRESA,6,Panini Comics,,Cates,,"Lo que tenés que saber de este producto
Año de publicación: 2023.
Con índice: Sí.
Volumen del libro: 6.
Tapa del libro: Blanda.
Género: Literatura y ficción.
Subgénero: Super heroes.
Historieta.
Número de páginas: 184.
Edad mínima recomendada: 7 años.
ISBN: 09786076365618.",https://http2.mlstatic.com/D_NQ_NP_924424-MLU79045069695_092024-O.webp,9,10000,available,,,,,1754056180493,Thor
"Secret Wars 3 - Gerra Civil + Inhumanos - Marvel, de Marvel Comics. Editorial OVNI Press en español",,Marvel,,,,"¡Los héroes de la tierra616 y la tierra1610 no pudieron salvarlo! Ahora, lo único que queda... ¡Es MUNDOBATALLA! ¡Un enorme planeta mosaico, compuesto de los fragmentos de mundos que ya no existen, mantenidos por la voluntad de hierro de su dios y amo, Victor Von Doom! Cada región es un dominio en sí mismo, ¡y en el llamado Zona de Guerra la batalla por el Acta de Registro Superhumano nunca terminó! En otro sector, ¡la resistencia conocida como La Voz Nunca Oída se enfrenta a la tirana Reina Medusa!

Libro usado, completo y sin marcas de subrayado. Con marcas el uso en los bordes. Buen estado general.


Español
Nivel
.
ISBN
9789877241938
Peso ( kg )
0,59
Tipo
Soporte Físico
Año de edición
2016
Formato
Tapa rustica
Cantidad de páginas
224",https://sbslibreria.vtexassets.com/arquivos/ids/5082121-1600-auto?v=638857641815370000&width=1600&height=auto&aspect=true,8,10000,available,,,,,1754056572266,"Capitan America,Ironman"
Secret Wars 5 - Spider- Man - Dan Slott / Chrislos Gage (Usado),5,OVNI PRESS,,Slott,Gage,"Libro usado, completo y sin marcas de subrayado. Con marcas del uso en las tapas y bordes. Buen estado general.",https://http2.mlstatic.com/D_NQ_NP_2X_963981-MLA80224218239_102024-F.webp,7,5000,available,,,,,1754056906256,Spider-man
Secret Wars 13: Uncanny X-Men,13,OVNI PRESS,,"Salvador Dennis Hopeless ",,"EL MULTIVERSO FUE DESTRUIDO! ¡Los héroes de la tierra-616 y la tierra-1610 no pudieron salvarlo! Ahora, lo único que queda... ¡Es MUNDOBATALLA! ¡Un enorme planeta mosaico, compuesto de los fragmentos de mundos que ya no existen, mantenidos por la voluntad de hierro de su dios y amo, Victor Von Doom! Cada región es un dominio en sí mismo, gobernado por reyes. Magneto es el líder del paraíso mutante de Genosha, donde el homo superior manda... pero, ¿podrá contra todas las facciones que intentan derrocarlo? En otro sector, Magik sucumbe ante las fuerzas demoníacas del limbo, ¡que cuatro años atrás convirtieron Manhattan en el mismísimo Infierno! Incluye Secret Wars: Secret Wars: House of M #1-4 y Secret Wars: Inferno #1-5.",https://http2.mlstatic.com/D_NQ_NP_605421-MLA80631631747_112024-O.webp,9,10000,available,,,,,1754057707839,"Spiderman,Dinastia M"
JOCKER: Sonrisa Asesina,One shot,OVNI PRESS,,"Lemire ","Sorrentino ","Ningún psicólogo ha sido capaz de romper la locura que imprime la mente del Joker. Pero el Dr. Ben Arnell sabe que es diferente. Está seguro de que será él quien finalmente alcance al hombre que está dentro de la locura y lo cure. El Dr. Arnell cree que puede poner un muro entre él y el vacío que se es conde detrás de los ojos del Joker. Y está seguro de que puede mantener esa oscuridad lejos de su familia. Está muy, muy equivocado.

Corresponde a Joker: Killer Smile #1-3 y Batman: The Smile Killer

Formato: Libro | 17x24 cm

144 pags.

ISBN: 978-987-724-657-5",https://acdn-us.mitiendanube.com/stores/001/184/069/products/joker_sonrisa_asesina_cov1-c2afa4b9934b7940e716023875540063-1024-1024.webp,9,15000,available,,,,,1754415760211,"Joker,DC"
X-MEN VOL.05: AMANECER X PARTE 01,1,Panini Comics,2021-06-01,Hickman,Duggan,"Detalles de producto
Más información
IXMEN005
2021
Junio
120
X-MEN (TPB)
X-Men (2019) 1, Marauders (2019) 1, Excalibur (2019) 1

¡El amanecer de X! Los X-Men se encuentran en un nuevo mundo de posibilidades. ¡y las cosas nunca han sido mejores! ¡Es el comienzo de la saga de Cíclope y su escuadrón cuidadosamente seleccionado de poderosos mutantes! Además, dirigidos por la capitana Kate Pryde y financiados por Emma Frost y la Compañía Distribuidora Hellfire, los Marauders Tormenta, Pyro, Bishop y Iceman navegan por los mares del mundo para proteger a los odiados y a los temidos. Mientras tanto, ¡el Otro Mundo está sacudido por la guerra! Es una nueva era para los mutantes, ya que una nueva Capitana Britania sostiene el amuleto, luchando por el Reino de Avalon con los Excalibur a su lado: Rogue, Gambir, Rictor, Jubilee... ¡y Apocalipsis!",https://d14d9vp3wdof84.cloudfront.net/image/589816272436/image_2s4u6bau4d3a36gluoohhpkm6p/-S897-FWEBP,10,10000,available,,,,,1754603958270,"X-MEN,WOLVERINE"
X-MEN VOL.06: AMANECER X PARTE 02,2,Panini Comics,,Hickman,Duggan,"¡El nuevo amanecer tiene un precio alto! Los Nuevos Mutantes clásicos (Sunspot, Wolfsbane, Mirage, Karma, Magik y Cypher) se reúnen con algunos nuevos amigos (Chamber, Mondo) para buscar a su miembro desaparecido y compartir las buenas noticias. ¡una misión que los lleva al espacio junto con los Starjammers! En la Tierra, X-Force es la CIA del mundo mutante: mitad rama de inteligencia, mitad operaciones especiales. Bestia, Jean Grey y Sage por un lado, Wolverine, Kid Omega y Dominó por el otro. ¡En un mundo perfecto, no habría necesidad de X-Force! Además, Psylocke se encuentra insegura de su lugar en este nuevo mundo de mutantes... pero cuando una cara de su pasado regresa solo para ser asesinada, busca la ayuda de otros que se sienten similares para vengarse. ¡Cable y X-23 se unen a Kwannon para una misión personal que podría poner en peligro a todos los mutantes!

Detalles de producto
Más información
IXMEN006
2021
Julio
120
X-MEN (TPB)
New Mutants (2020) #1, X-Force (2020) #1, Fallen Angels #1

",https://d14d9vp3wdof84.cloudfront.net/image/589816272436/image_k86p7fp8u57h3805gdn216h07c/-S897-FWEBP,10,10000,available,,,,,1754604190109,"X-MEN,WOLVERINE"
X-MEN VOL.07: AMANECER X PARTE 03,3,Marvel,2021-06-07,Hickman,Duggan,"¡No amanece para todos los mutantes! Cuando una isla llena de horrores indescriptibles aparece en el horizonte, ¡los X-Men tienen que mantener a Krakoa a salvo! En un mundo perfecto no haría falta una X-Force, pero los mutantes todavía la necesitan. Mientras la Capitana Pryde navega los mares, en la Compañia Distribuidora Hellfire se pone en juego la coronación roja. Con la condición de rogue todavía un misterio, Excalibur se dirige al único lugar que siempre ha sido su sede: El Faro. Mientras Cable y X-23 se unen a Kwannon para una misión que podría poner en peligro a todos los mutantes, los Nuevos Mutantes se proponen encontrar a su miembro desaparecido y compartir las buenas noticias... ¡una misión que los lleva al espacio de Sh'iar!",https://d14d9vp3wdof84.cloudfront.net/image/589816272436/image_42btbu3kpp5al44h4tcm9vfb3a/-S897-FWEBP,10,10000,available,,,,,1754604290094,"X-MEN,WOLVERINE"
X-MEN VOL.08: AMANECER X PARTE 04,4,Panini Comics,2021-06-02,Hickman,Duggan,"Problemas en el paraíso! En la Tierra Salvaje, una inesperada amenaza humana aparece para desafiar a los mutantes. Una nueva X-Force se forma para contraatacar a los enemigos que buscan derrocarlos a toda costa. Las maquinaciones internas del Club Hellfire continúan, al igual que la búsqueda del Capitán Britania. El equipo mortal de Psylocke se enfrenta a lo imposible, y un grupo de jóvenes mutantes comienzan a forjar su futuro. ¡Krakoa deberá luchar para conseguir la paz que tanto anhela! ¡Jonathan Hickman y un talentoso equipo de guionistas y dibujantes continúan revolucionando a los mutantes en esté Amanecer X!

Detalles de producto
Más información
IXMEN008
2021
Octubre
160
X-MEN (TPB)
X-Men (2019) 3, Marauders (2019) 3, Excalibur (2019) 3, New Mutants (2020) #3, X-Force (2020) #3, Fallen Angels #3",https://d14d9vp3wdof84.cloudfront.net/image/589816272436/image_6m79drjavd6pvdrddbcfj3d51v/-S897-FWEBP,10,10000,available,,,,,1754604394939,"X-MEN,WOLVERINE"
THOR VOL.04: REY THOR,1,Panini Comics,2021-12-01,Aaron,,"¡Una última aventura del todopoderoso señor de Asgard! Jason Aaron y Esad Ribic introdujeron al Thor del futuro distante al principio de su épica saga del dios del Trueno. El padre de todo de un reino quebrado en un universo moribundo que luchaba contra Gorr, el carnicero de dioses. Ahora, en el final, la Necroespada ha vuelto, en manos de su mayor enemigo: ¡Loki! ¡es hora de un último enfrentamiento cataclísmico en el fin de todo!
Detalles de producto
Más información
ITHOR004
2021
Diciembre
112
THOR
King Thor (2019) #1-4",https://d14d9vp3wdof84.cloudfront.net/image/589816272436/image_78bdr1p1091b5724v0otml7q4h/-S897-FWEBP,9,10000,available,,,,,1754604640028,Thor
Thanos Vence,1,Panini Comics,2020-06-01,Cates,Shaw,"Si preguntaran a los seres más poderosos del Universo Marvel la manera en que temerían que llegara su fin, su respuesta honesta sería ´Thanos vence´. Y ahora imaginen que dicha posibilidad se convierte en realidad, cuando el Titán Loco viaja al futuro para presenciar su momento de victoria total. ¿Pero por qué no le complace lo que ve? Donny Cates toma las riendas del guión para dar forma a esta gran epopeya y para plasmarlo visualmente con la intensidad requerida hallamos en la mesa de dibujo a Geoff Shaw.

Detalles de producto
Más información
ITHAN001
2020
Junio
176
THANOS VENCE
Thanos (v2) #13-18, Thanos (v2) Annual 1
",https://d14d9vp3wdof84.cloudfront.net/image/589816272436/image_um57105kbt0kjejrhraf8m2p50/-S897-FWEBP,10,12000,available,,,,,1754604749223,Thanos
La Guerra De Los Reinos,1,Panini Comics,,Aaron,Dauterman,"La Guerra de los Reinos está sobre nosotros. Asgard. Alfheim. Heven. Jotunheim. Muspelheim. Niffleheim. Nidavellir. Svartalfheim. Vanaheim. Todos los Diez Reinos han caído en manos de Malekit y su ejército, excepto uno: Midgard. Hogar de los seres queridos de Thor. Hogar de héroes y dioses por igual. Ahora, finalmente, Midgard arde. Todo el infierno se desata en la ciudad de Nueva York cuando Malekith y sus aliados comienzan su invasión, ¡y nuestros héroes más grandes observan cómo cae la Tierra! Con Thor atrapado en la tierra de los Gigantes de Hielo y las fuerzas de la Tierra abrumadas, Pantera Negra, Jane Foster y el Doctor Strange emprenden una apuesta desesperada. ¿Qué puede detener a Malekith y su ejército? ¡Spider-Man, Daredevil, Punisher, Ghost Rider, Blade, Hulk y más se unen a la refriega mientras la épica saga de Thor de Jason Aaron explota en todo el Universo Marvel.

Detalles de producto
Más información
IGREI001
2021
Mayo
160
LA GUERRA DE LOS REINOS (TPB)
War of the Realms (2018) N° 1-6
",https://d14d9vp3wdof84.cloudfront.net/image/589816272436/image_7gsuk1lcgt0pdbave317b7ds3m/-S897-FWEBP,10,12000,available,,,,,1754604937541,"Thor,Wolverine"
THOR VOL.03: LA GUERRA DE LOS REINOS,3,Marvel,2021-08-01,Aaron,Del Mundo,"Cuando la guerra termine, ¿qué será de Thor? ¡El statu quo de quiebra al principio del final de la legendaria etapa de Jason Aaron! Adoptado por Odín cuando era un bebé, Loki nunca tuvo la oportunidad de vincularse con su gente: los temibles Gigantes de Hielo. Ahora, mientras invaden Nueva York, ¡Loki pasa un buen rato con su querido pasre, Laufey! Pero no de la forma en que pensarías... Mientras tanto, odín envía a su hermano Cul, dios del Miedo, a las profundidades de Svartalfheim en una misión vital. ¿Cul se redimirá finalmente? Y cuando era un dios joven, Thor ansiaba por un marillo legendario. Ahora su detino llega por fin, ¡porque la Guerra de los Reinos alcanza hasta los siglos pasados!
Detalles de producto
Más información
ITHOR003
2021
Agosto
120
THOR
Thor (2018) #12-16

",https://d14d9vp3wdof84.cloudfront.net/image/589816272436/image_iq9jom5e8937df63d67ogcao3u/-S897-FWEBP,10,10000,available,,,,,1754605049207,Thor
THOR VOL.02: CAMINO A LA GUERRA DE LOS REINOS,2,Panini Comics,2021-05-01,Aaron,Del Mundo,"¡El escenario está listo para La Guerra de los Reinos! Thor ha luchado a través de Hel, ¡pero ahora se encuentra prisionero de los temibles guerreros de Heven! ¿Puede incluso la intervención de Valquiria y la hermana mortal de Thor, Ángela, ayudar al Dios del Trueno a escapar de la ineludible prisión de los ángeles? Mientras tanto, con S.H.I.E.L.D. desaparecida, Roz Solomon se ha quedado a la deriva, pero está a punto de asumir un nuevo papel sorprendente... y crear un millón de nuevos enemigos. Porque se acerca la guerra, ¡y es posible que la invasión de la Tierra ya haya comenzando! Como Malekith apunta a todo lo que hay, ¿quedará Odín como el Padre de Nada? Además: hace siglos, Odín estaba decidido a mantener a un joven Tjor alejado de Midgard para siempre, ¡y Loki sabía cómo hacerlo!

Detalles de producto
Más información
ITHOR002
2021
Mayo
112
THOR
Thor (2018) N° 7-11
",https://d14d9vp3wdof84.cloudfront.net/image/589816272436/image_qgs7ls5erd0d1eelbtukc3h66u/-S897-FWEBP,10,10000,available,,,,,1754605171033,Thor
THOR VOL.01: EL DIOS DEL TRUENO RENACE,1,Panini Comics,,Aaron,Del Mundo,"Detalles de producto
Más información
ITHOR001
2021
Enero
160
THOR
Thor (2018) N° 1 (I y II) - 6

Puede que no tenga Mjolnir, pero tiene cientos de martillos nuevos y va a necesitar hasta el último de ellos para detener al imparable Juggernaut. Luego, los hijos de Odín vuelven a la carga cuando Thor se reúne con su hermano perdido, Balder, para enfrentarse a los ejércitos de duendes de fuego de la Reina de las Cenizas. La guerra se está librando en la tierra de los muertos, pero ¿podría la paz venir de un matrimonio hecho en Hel? Con Hela como novia, ¿qué hermano serpa el afortunado novio? Además, ¡Loki! ¡Thori el sabueso´ ¡Skurge con un arma realmente grande! ¡Valquirias! y en un futuro lejano, el Rey Thor conoce al Viejo Fénix... ¡y se enfrentan al doctor Doom en el final de los tiempos!

$ 14.500

",https://d14d9vp3wdof84.cloudfront.net/image/589816272436/image_qgs7ls5erd0d1eelbtukc3h66u/-S897-FWEBP,9,10000,available,,,,,1754605272292,Thor
THOR VOL.01: EL DIOS DEL TRUENO RENACE,1,Panini Comics,2021-07-01,Young,Klein,"Deadpool se va al sur ¡Y luego al infierno! Primero, Deadpool está alistado para luchar en la Guerra de los Reinos, ¡y enviado a Australia para resolver un molesto problema de trolls! No, no esos odiosos nerds de internet, ¡verdaderos trolls! ¿Wade Wilson será grande en el hemisferio sur? ¡Descúbrelo en una historia llena del tipo de carnicería que solo una nación que comenzó como una colonia penal puede producir! Si la Tierra, y Deadpool, de alguna manera logran superar la guerra de Malekith, será el momento de pagarle al diablo lo que le corresponde. Mefisto y Weasel tienen sus ojos diabólicos en Wade. ¿Buenas Noches finalmente obtendrá su venganza? Y si Deadpool sobrevive, ¿qué quedará de él? ¡Además, actos de maldad indescriptibles perseguirán tus sueños cuando el mercenario bocón se enfrente al mismísimo Nightmare!",https://d14d9vp3wdof84.cloudfront.net/image/589816272436/image_k006p3he3t2ft8co4vptjc2q5v/-S897-FWEBP,10,10000,available,,,,,1754605368025,Deadpool
Avengers Vol.02,2,Panini Comics,,Aaron,McGuiness,"¿Quién necesita a los Avengers cuando tienes al nuevo escuadrón supremo de América? Cuando la Guerra de los Reinos llega a la capital de la nación, los héroes más grandes de Washington, D.C., ¡entran en acción! ¿Pero quiénes son y de dónde vienen? ¡Solo el Agente Coulson lo sabe! Mientras tanto, la Montaña Avenger es asediada por las fuerzas de Malekith, y en la batalla final por Midgard, ¡la Capitana Marvel lidera a los Avengers de la Guerra! ¡Hulk lucha contra Ulik. ¡Blade se enfrenta a los supersoldados de Roxxon! ¡y Dardevil, el Dios sin miedo, tiene un mensaje críptico que decidirá el futuro del equipo! Luego. después de la guerra, los héroes más poderosos de la Tierra buscan celebrar. Hay una fiesta en la Montaña Avenger, pero, ¿dónde está Pantera Negra?

Detalles de producto
Más información
IAVEN002
2021
Mayo
104
AVENGERS (TPB)
Avengers (2018) N° 18-21 + FCBD 2019
",https://d14d9vp3wdof84.cloudfront.net/image/589816272436/image_mirp5c7cb91lpdiddbdl4lsp2j/-S897-FWEBP,10,10000,available,,,,,1754605783732,"Ironman,Wonderwoman,Avengers"
THOR VOL.07: REVELACIONES,7,Panini Comics,,Cates,Bandini,"¡ODÍN REGRESÓ! Ahora, un aire de tensión rodea al trono. Padre e hijo. Padres de todo. Odín y Thor. ¿Está su relación condenada para siempre? ¿Cómo afectará esto a los diez reinos? Determinado a ser el mejor líder que puede ser, Thor toma la fatídica decisión de entregar su Mjolnir. Pero… ¿está el martillo preparado para alejarse de Thor? Mientras todo Asgard lidia con el regreso de Odín y las consecuencias del brutal ataque de Donald Blake, las revelaciones que descubrirá su líder lo impactarán… ¡al igual que su enfrentamiento con los Avengers!. Thor (2020) #15-18 USA","https://tiendapanini.com.ar/media/catalog/product/i/t/ithor007_.jpg?optimize=medium&bg-color=255,255,255&fit=bounds&height=897&width=960&canvas=960:897&dpr=1%201x",10,10000,available,,,,,1754605880927,"THOR,CAPITAN AMERICA"
THOR VOL.05: EL REY DEVORADOR,5,Panini Comics,,Cates,Kleinn,"¡El comienzo de una nueva leyenda! El príncipe ahora es un rey. Todo Asgard se arrodilla ante Thor, el Dios del Trueno, y los diez reinos finalmente están en paz. Pero los cielos sobre el Reino Eterno no se mantienen despejados por mucho. ¡Se acerca el Invierno Negro, y para enfrentarlo, Thor tendrá que transformarse como nunca lo ha hecho! Con nuevos poderes y un peligroso camino por delante, Thor se enfrentará a amigos y enemigos por igual. ¡Ante las visiones fatales reveladas por el Invierno Negro, Asgard podría necesitar un nuevo Odinson en el trono más temprano que tarde!
Detalles de producto
Más información
ITHOR005
2022
Julio
152
THOR
","https://tiendapanini.com.ar/media/catalog/product/t/h/thor_5_cov.jpg?optimize=medium&bg-color=255,255,255&fit=bounds&height=897&width=960&canvas=960:897&dpr=1%201x",8,10000,available,,,,,1754606055027,Thor
Marvel Excelsior Thanos: Origen Ovni Press,1,OVNI PRESS,,Aaron,Bianchi,"Lo que tenés que saber de este producto
Año de publicación: 2018
Con índice: No
Volumen del libro: 18
Tapa del libro: Blanda
Colección: Marvel Exvelsior.
Género: Cómic, manga y novela gráfica.
Edad recomendada: de a .
Número de páginas: 128.
Incluye .
Peso: 200g.
ISBN: 9789877244687.
Dimensiones: 17cm de ancho x 24cm de alto.
Ilustraciones realizadas por Simone bianchi.",https://http2.mlstatic.com/D_NQ_NP_628700-MLA77093504267_062024-O.webp,9,12000,available,,,,,1754606254697,Thanos
Comic Deadpool Mata Al Universo Marvel Otra Vez,1,Marvel,,Bunn,Talajic,"¡Nuevamente se reune el equipo creativo de la miniserie original para contarnos una historia de muerte y destrucción protagonizada por el mercenario favorito de todos! Es momento de que Deadpool decida patear la cuarta pared y asesinar a todo el Universo Marvel¡otra vez!

Características del producto
Características principales
Autor
Cullen Bunn
Idioma
Español
Editorial del libro
OVNI Press
Año de publicación
2013
Otros
Cantidad de páginas
200
Tipo de narración
Escrito
Colección del libro
COMICS USA
Lugar de publicación
Argentina",https://http2.mlstatic.com/D_NQ_NP_830149-MLA43203807962_082020-O.webp,8,10000,available,,,,,1754606423269,Deadpool
Marvel - Deadpool vol. 1: Millonario bocón,1,OVNI PRESS,,Duggan,Hawthrone,"Autor
Duggan, Hawthorne, Pallot, Staples
 
Formato
Libro | 17x24 cm | 144 págs.
 
ISBN
978-987-724-243-0
 
Reseña
Es sumamente molesto. Extremadamente peligroso. Además, huele muy mal... ¡Pero el público lo ama! Él es Deadpool, el mercenario bocón que hace dinero con las misiones de las que nadie quiere encargarse... ¡y que se ha convertido en el héroe más popular del mundo! ¡En tu cara, Spidey! Ahora el mundo es de... DEADPOOL.
Incluye DEADPOOL #01-05 + 3.1 (publicado dentro de los Nros. 1-3 de la edición de OVNI Press).",https://http2.mlstatic.com/D_NQ_NP_965111-MLM48627799194_122021-O.webp,9,10000,available,,,,,1754606609602,Deadpool
Spiderman Deadpool 3 itsy Bitsy + Negocios Serios,3,OVNI PRESS,,KELLY,Mcguinness,"Si tomas un poco de Spidey, otro poco de Deadpool, quitas los cromosomas Y¿qué obtienes? ¡La peor pesadilla de Peter y Wade: la asesina y confundida señorita Itsy Bitsy! La hijade nuestros héroes es mucho más fuerte, rápida, ¡y tiene problemas más serios que un simple complejo de Edipo!",https://www.quade.com.ar/872965-large_default/spiderman-deadpool-3-itsy-bitsy-negocios-serios.jpg,9,12000,available,,,,,1754606767732,Deadpool
Spiderman / Deadpool Vol 2 - Piezas De Relleno,2,OVNI PRESS,,Aukerman,Duggan,"Peso: 600.00 gr.

Dimensiones: 13.00 x 1.00 x 18.00 cm

Autor: Scott Aukerman, Gerry Duggan, Reilly Brown, Scott Koblish

Formato: TAPA BLANDA

Idioma: ESPAÑOL

Marca: Ovni Press

Páginas 96

ISBN: 9789877243338

Las más divertidas historias (de relleno) de la mejor dupla del Universo Marvel se encuentran en este tomo. Deadpool y Spider-Man se embarcan en las más desopilantes aventuras. Un fresco respiro mientras intentamos averiguar quién quiso asesinar a Peter Parker...

Contiene: Spider-Man/Deadpool #6-7, 11-12 USA",https://entelequia.com.ar/storage/product_arch/RSm2TbfmNTzerJ0maDVi4c7txvi9jsr6YgXq5Gr6.webp,9,10000,available,,,,,1754606893930,"Spiderman,Deadpool"
Comic Spiderman/deadpool: Vol 01 Amistades Peligrosas,1,OVNI PRESS,,kelly,McGuinness,"¡El arácnido y el mercenario bocón se unen y comparten una serie por primera vez en la historia! Es acción, aventura y solo un poco de amistad peligrosa en esta épica historia con el héroe más grandioso del mundo y la mayor superestrella de los comics del mundo. ¡Este sí que es un dúo dinámico de verdad!
Incluye Spider-Man/Deadpool #1-5 + 8 (publicado dentro de los Nros. 1 al 3 de la edición de OVNI",https://http2.mlstatic.com/D_NQ_NP_648082-MLA29057737516_122018-O.webp,9,10000,available,,,,,1754606996882,"Spider-man,Deadpool"
MARVEL EXCELSIOR: ARMAGEDÓN ARAÑA,1,OVNI PRESS,,CRAIN,BARBERI,"Universo Araña unió a todos los Spider-Man… ¡ahora Armagedón Araña los destruirá! Los Herederos han escapado de su prisión y llegaron al Universo Marvel.⠀
⠀
¡Un ejército arácnido deberá reunirse para detenerlos! Con la presencia de Spider-Man, Otto Octavius, Spider-Gwen, Miles Morales, Spider-Woman, Spider-Punk, el Spider-Man japonés, el del videojuego, ¡y muchos más!⠀",https://www.quade.com.ar/33575-large_default/excelsior-spiderman-armagedon-arana.jpg,10,15000,available,,,,,1754607250931,SPIDER-MAN
Excelsior - Venom: Primer Anfitrion,1,OVNI PRESS,,BAGLEY,DIAZ,"Costa - Lim Bagley - Diaz
Excelsior - Venom: Primer Anfitrion
Ovni Press


Formato: 17 x 24
Peso: 0.3 kgs.
ISBN: 9789877244694",https://acdn-us.mitiendanube.com/stores/001/326/487/products/9789877244694-1faa72bde24d4145ac16450236142150-480-0.webp,9,10000,available,,,,,1754607353176,VENOM
Comics Marvel Excelsior Invasion Secreta - Ovni - Dgl Games,1,OVNI PRESS,,BENDIS,YU,"Descripción
La raza cambiaformas conocida como los Skrulls han infiltrado en secreto a cada organización superpoderosa de la Tierra con un objetivo: ¡una invasión a escala total! El Universo Marvel es un caos. ¡Es héroe contra héroe! ¡Resurrecciones y reuniones! Corresponde a Secret Invasion #1-8 USA. Autores: Bendis • Yu.",https://http2.mlstatic.com/D_NQ_NP_783275-MLA28699295223_112018-O.webp,9,10000,available,,,,,1754607484089,Spider-man
EXCELSIOR - LA VIDA DE LA CAPITANA MARVEL,1,OVNI PRESS,,PACHECO,DURSO,"Stohl - Pacheco - Sauvage - DÚrso
EXCELSIOR - LA VIDA DE LA CAPITANA MARVEL
OVNI PRESS

Páginas:
Formato:
Precio: $ 1300.00
Peso: 0.3 kgs.
ISBN: 9789877244670


",https://http2.mlstatic.com/D_NQ_NP_652092-MLA29624191773_032019-O.webp,9,10000,available,,,,,1754607563291,CAPITANA MARVEL
Marvel Excelsior Iron Man: La Búsqueda De Tony Stark Ovni Marvel Excelsior Iron Man: La Búsqueda De Tony Stark Ovni  Marvel Excelsior Iron Man: La Búsqueda De Tony Stark Ovni,1,OVNI PRESS,,CASELLI,GRACIA,"Descripción
El Invencible Iron Man: La búsqueda de Tony Stark

Contiene Invincible Iron Man Vol.1 #593 al 600 (Diciembre de 2017 a Julio de 2018), de la edición USA.

El Avenger dorado ha desaparecido, y llega el momento de decidir quién usará la armadura… ¡porque solo puede haber un Iron Man! ¿Será Riri Williams, Tony Stark… o Victor Von Doom? ¿Y qué sucederá cuando Riri y Victor se den cuenta de que deben unir fuerzas para resolver el misterio del destino de Tony?

Formato: Rústica | 17x24 cm | 216 págs.

Autores
Brian Michael Bendis (Guión)

Fecha de publicación
19 de octubre de 2018

Isbn / Código de barras
978-9-877-24448-99789877244489-00001",https://http2.mlstatic.com/D_NQ_NP_839142-MLA77094304987_062024-O.webp,10,10000,available,,,,,1754607650917,IRONMAN
https://http2.mlstatic.com/D_NQ_NP_839142-MLA77094304987_062024-O.webp,6,OVNI PRESS,,SOULE,LANDINI,"Detalles del libro
Editorial: OVNI PRESS
Idioma: Español
Encuadernación / Colección: MARVEL LEGACY
ISBN: 9789877244830",https://contentv2.tap-commerce.com/cover/large/9789877244830_1.jpg?id_com=717,9,10000,available,,,,,1754607836219,Daredevil
La Muerte De La Poderosa Thor Marvel Excelsior,1,OVNI PRESS,,AARON,DAUTERMAN,"Lo que tenés que saber de este producto
Año de publicación: 2019
Con índice: No
Volumen del libro: 1
Tapa del libro: Blanda
Colección: La Muerte de la Poderosa Thor.
Género: Cómic, manga y novela gráfica.
Edad mínima recomendada: 8 años.
Número de páginas: 224.
Peso: 200g.
ISBN: 9789877245554.
Dimensiones: 24cm de ancho x 20cm de alto.",https://http2.mlstatic.com/D_NQ_NP_651168-MLA83395035817_032025-O.webp,10,12000,available,,,,,1754607931479,"THOR,LA PODEROSA THOR"
Marvel Excelsior - X-men: El Regreso De Longshot,1,OVNI PRESS,,LOBDELL,TEXEIRA,"o que tenés que saber de este producto
Tapa del libro: SemiBlanda.
Género: Cómic, manga y novela gráfica.
Narrativa.
Número de páginas: 152.
Peso: 200g.
ISBN: 09789877244588.",https://http2.mlstatic.com/D_NQ_NP_637787-MLA40290505165_122019-O.webp,9,12000,available,,,,,1754608064920,X-MEN
La Cacería De Wolverine Marvel Excelsior,,OVNI PRESS,,MARQUEZ,SILAS,"Características principales
Subtítulo del libro
Marvel Excelsior La Cacería de Wolverine
Serie
Marvel Excelsior La Cacería de Wolverine
Autor
Charles Soule (Guion), David Marquez (Dibujo, Tinta)
Idioma
Español
Editorial del libro
Ovni
Tapa del libro
Blanda
Volumen del libro
1
Con índice
No
Año de publicación
2019
Otros
Cantidad de páginas
192
Altura
20 cm
Ancho
14 cm
Peso
200 g
Material de la tapa del libro
Tapa blanda
Con páginas para colorear
No
Con realidad aumentada
No
Género del libro
Cómic, manga y novela gráfica
Subgéneros del libro
Ciencia ficción, Cómic, Novela gráfica
Tipo de narración
Comic
Colección del libro
La Cacería de Wolverine
Edad mínima recomendada
12 años
Escrito en imprenta mayúscula
No
Cantidad de libros por set
1",https://http2.mlstatic.com/D_NQ_NP_628803-MLA82975739542_032025-O.webp,10,10000,available,,,,,1754608161015,WOLVERINE
Marvel Excelsior 09: La Muerte Del Capitan America -,1,Marvel,,BRUBAKER,EPTING,"Características principales
Autor
Ed Brubaker
Idioma
Español
Editorial del libro
OVNI PRESS MARVEL
Año de publicación
2018
Otros
Cantidad de páginas
156
Peso
412 g
Género del libro
Cómic, manga y novela gráfica
Tipo de narración
Escrito
Colección del libro
MARVEL EXCELSIOR",https://http2.mlstatic.com/D_NQ_NP_651356-MLU77733631263_072024-O.webp,9,10000,available,,,,,1754608257819,CAPITAN AMERICA
BATMAN: La Broma Asesina,1,OVNI PRESS,,MOORE,BOLLAND,"Autores: Moore • Bolland

Un mal día. De acuerdo con el motor de locura y caos conocido como el Joker, eso es todo lo que separa a los sanos de los psicóticos. Alan Moore (WATCHMEN) y Brian Bolland (CAMELOT 3000) asumieron hace 30 años el origen del mejor supervillano de los cómics y cambiaron el mundo de Batman para siempre.

Contiene material de Batman: The Killing Joke Absolute + Batman Noir: The Killing Joke.

Formato: Libro | 17x24 cm |

Peso 400 grs.

152 págs.

ISBN: 978-987-724-954-5",https://acdn-us.mitiendanube.com/stores/001/184/069/products/batman-la-broma-asesina-4ta-edicion-cov1-fcc52891d94ffdfa4d16485608759371-1024-1024.webp,9,15000,available,,,,,1754608350061,"JOKER,BATMAN"
El BATMAN Que Ríe,1,OVNI PRESS,,SCOTT SNYDER,JOCK,"Autores: Snyder • Jock

Desató el Multiverso Oscuro en la épica NOCHES OSCURAS: METAL. Mitad Batman. Mitad Joker. El Batman Que Ríe es el cerebro criminal más letal y ha regresado, aunque esta vez no lo ha hecho solo. Emergiendo de otra de las innumerables realidades oscuras llega el Caballero Sombrío, un violento justiciero que usará cualquier arma a su disposición para asegurarse de que aquellos que ha marcado para morir no se puedan levantar.

Corresponde a The Batman Who Laughs #1-7, The Batman Who Laughs: Grim Knight.

Formato: Libro | 17x24 cm | 224 págs.
ISBN: 978-987-724-740-4",https://acdn-us.mitiendanube.com/stores/001/184/069/products/el_batman_que_rie_2da-edicion-cov1-8dcb6cacbea86b0f3216209475387363-1024-1024.webp,9,20000,available,,,,,1754608419609,BATMAN